{
  "project_info": {
    "project_number": "976745484271",
    "project_id": "catch-me-if-you-can-d0694",
    "storage_bucket": "catch-me-if-you-can-d0694.appspot.com"
  },
  "client": [
    {
      "client_info": {
        "mobilesdk_app_id": "1:976745484271:android:2e2ada3137855a247fb01a",
        "android_client_info": {
          "package_name": "com.example.catchmeifyoucan"
        }
      },
      "oauth_client": [
        {
          "client_id": "976745484271-6e99sqh38uv7047vfice0ek39hgep32d.apps.googleusercontent.com",
          "client_type": 3
        }
      ],
      "api_key": [
        {
          "current_key": "AIzaSyBbYquTwq-EmFFeA2PJcWfK08xHqkTOwQM"
        }
      ],
      "services": {
        "appinvite_service": {
          "other_platform_oauth_client": [
            {
              "client_id": "976745484271-6e99sqh38uv7047vfice0ek39hgep32d.apps.googleusercontent.com",
              "client_type": 3
            }
          ]
        }
      }
    }
  ],
  "configuration_version": "1"
}